match_id,match_seq_num,radiant_win,start_time,duration,lobby_type,game_mode,avg_rank_tier,num_rank_tier,cluster,role_Carry_radiant,role_Carry_dire,role_Disabler_radiant,role_Disabler_dire,role_Durable_radiant,role_Durable_dire,role_Escape_radiant,role_Escape_dire,role_Initiator_radiant,role_Initiator_dire,role_Nuker_radiant,role_Nuker_dire,role_Pusher_radiant,role_Pusher_dire,role_Support_radiant,role_Support_dire,attr_agi_radiant,attr_agi_dire,attr_all_radiant,attr_all_dire,attr_int_radiant,attr_int_dire,attr_str_radiant,attr_str_dire,attr_unknown_radiant,attr_unknown_dire,radiant_win_rate
8806534161,7401308660,False,1778484380,0,4,1,75,1,413,0.0,0.0,0.0,0.0,0.0,0.0,0.0,0.0,0.0,0.0,0.0,0.0,0.0,0.0,0.0,0.0,0.0,0.0,0.0,0.0,0.0,0.0,0.0,0.0,1.0,1.0,0
8806533885,7401308454,False,1778484335,0,4,1,23,1,117,0.0,0.0,0.0,0.0,0.0,0.0,0.0,0.0,0.0,0.0,0.0,0.0,0.0,0.0,0.0,0.0,0.0,0.0,0.0,0.0,0.0,0.0,0.0,0.0,1.0,1.0,0
8806529125,7401305184,False,1778483970,0,4,1,73,1,182,0.0,0.0,0.0,0.0,0.0,0.0,0.0,0.0,0.0,0.0,0.0,0.0,0.0,0.0,0.0,0.0,0.0,0.0,0.0,0.0,0.0,0.0,0.0,0.0,1.0,1.0,0
8806525751,7401306566,True,1778483680,240,7,22,54,3,193,0.4,0.6,1.0,0.6,0.6,0.4,0.0,0.6,0.6,0.4,0.8,0.8,0.2,0.2,0.8,0.4,0.0,0.2,0.0,0.2,0.4,0.4,0.6,0.2,0.0,0.0,1
8806525343,7401302766,False,1778483660,0,14,13,15,1,236,0.0,0.0,0.0,0.0,0.0,0.0,0.0,0.0,0.0,0.0,0.0,0.0,0.0,0.0,0.0,0.0,0.0,0.0,0.0,0.0,0.0,0.0,0.0,0.0,1.0,1.0,0
8806524916,7401307433,False,1778483620,489,0,23,52,5,153,0.6,0.6,0.8,0.8,0.4,0.4,0.2,0.4,0.6,0.6,0.8,0.8,0.2,0.2,0.4,0.2,0.2,0.2,0.0,0.2,0.6,0.2,0.2,0.4,0.0,0.0,0
8806524829,7401308211,True,1778483610,530,0,23,41,1,152,0.8,0.4,0.6,0.6,0.6,0.2,0.4,0.4,0.6,0.4,0.8,1.0,0.2,0.2,0.2,0.2,0.2,0.4,0.0,0.2,0.2,0.2,0.6,0.2,0.0,0.0,1
8806522711,7401300267,False,1778483410,0,4,1,33,1,184,0.0,0.0,0.0,0.0,0.0,0.0,0.0,0.0,0.0,0.0,0.0,0.0,0.0,0.0,0.0,0.0,0.0,0.0,0.0,0.0,0.0,0.0,0.0,0.0,1.0,1.0,0
8806522433,7401307315,True,1778483385,693,0,23,33,2,151,0.6,1.0,0.8,0.4,0.6,0.2,0.4,0.2,0.4,0.2,0.4,0.4,0.2,0.4,0.4,0.0,0.4,0.8,0.2,0.0,0.0,0.2,0.4,0.0,0.0,0.0,1
8806521186,7401307143,False,1778483294,758,0,23,23,1,181,0.8,0.8,0.8,0.6,0.4,0.2,0.6,0.6,0.8,0.4,0.6,1.0,0.2,0.6,0.0,0.2,0.6,0.6,0.0,0.0,0.2,0.2,0.2,0.2,0.0,0.0,0
8806521169,7401307826,False,1778483285,715,0,22,62,4,145,0.8,0.8,0.8,0.8,0.6,0.6,0.2,0.4,0.6,0.8,1.0,0.6,0.2,0.4,0.2,0.2,0.2,0.4,0.0,0.0,0.2,0.0,0.6,0.6,0.0,0.0,0
8806521023,7401304157,False,1778483275,391,0,22,12,1,118,1.0,0.6,0.6,0.4,0.6,0.2,0.6,0.2,0.6,0.2,0.8,0.8,0.4,0.0,0.2,0.4,0.2,0.4,0.2,0.0,0.0,0.4,0.6,0.2,0.0,0.0,0
8806520997,7401308576,True,1778483280,947,0,23,64,5,184,0.8,1.0,0.8,0.2,0.2,0.0,0.8,0.6,0.4,0.2,0.8,0.6,0.4,0.2,0.4,0.2,0.0,0.4,0.2,0.2,0.6,0.4,0.2,0.0,0.0,0.0,1
8806520696,7401308555,True,1778483250,961,0,23,41,3,183,0.4,0.6,0.8,0.8,0.2,0.4,0.8,0.4,0.2,0.8,1.0,0.4,0.2,0.2,0.4,0.2,0.4,0.2,0.6,0.2,0.0,0.4,0.0,0.2,0.0,0.0,1
8806520639,7401308516,True,1778483245,977,0,23,41,2,181,0.4,0.6,0.6,0.8,0.6,0.2,0.2,0.6,0.4,0.4,0.6,0.6,0.2,0.2,0.4,0.4,0.4,0.6,0.0,0.2,0.2,0.0,0.4,0.2,0.0,0.0,1
8806519882,7401303172,True,1778483180,367,7,3,41,5,227,0.6,0.6,0.8,1.0,0.6,0.4,0.4,0.4,0.4,0.8,0.8,1.0,0.2,0.2,0.4,0.6,0.0,0.2,0.4,0.0,0.2,0.4,0.4,0.4,0.0,0.0,1
8806519858,7401307800,False,1778483175,905,7,22,42,1,152,0.4,0.6,0.8,0.8,0.6,0.2,0.4,0.2,0.4,0.8,0.6,0.6,0.4,0.2,0.4,0.6,0.2,0.2,0.0,0.4,0.4,0.0,0.4,0.4,0.0,0.0,0
8806519710,7401303975,False,1778483165,538,0,23,51,1,183,0.8,0.8,0.8,0.8,0.4,0.4,0.8,0.2,0.6,0.8,0.6,1.0,0.0,0.0,0.0,0.2,0.8,0.2,0.0,0.0,0.0,0.4,0.2,0.4,0.0,0.0,0
8806519677,7401304983,False,1778483165,593,0,23,53,3,193,0.2,0.4,0.6,0.8,0.0,0.6,0.2,0.4,0.4,0.8,0.8,0.8,0.2,0.2,0.8,0.4,0.2,0.2,0.0,0.0,0.6,0.2,0.2,0.6,0.0,0.0,0
8806519655,7401308312,False,1778483160,1046,0,23,23,3,185,0.8,0.6,1.0,0.8,0.6,0.2,0.2,0.6,0.6,0.4,0.8,0.6,0.2,0.2,0.6,0.4,0.2,0.2,0.2,0.0,0.0,0.6,0.6,0.2,0.0,0.0,0
8806519653,7401305801,True,1778483155,765,0,23,15,1,181,0.6,0.6,0.8,0.4,0.4,0.2,0.0,0.4,0.4,0.0,0.8,0.4,0.0,0.4,0.4,0.4,0.0,0.4,0.0,0.2,0.6,0.4,0.4,0.0,0.0,0.0,1
8806519629,7401308526,False,1778483160,1067,0,23,23,2,182,0.6,0.4,0.6,0.6,0.4,0.2,0.8,0.2,0.4,0.6,0.4,0.2,0.0,0.2,0.0,0.6,0.6,0.2,0.0,0.0,0.0,0.6,0.4,0.2,0.0,0.0,0
8806519572,7401306773,False,1778483155,883,0,23,25,2,272,0.6,0.6,1.0,0.2,0.2,0.2,0.2,0.6,0.6,0.2,0.8,0.8,0.0,0.4,0.4,0.2,0.2,0.6,0.0,0.2,0.6,0.0,0.2,0.2,0.0,0.0,0
8806519566,7401308349,True,1778483145,1036,0,23,31,1,151,0.6,0.4,0.8,0.6,0.2,0.4,0.2,0.2,0.2,0.4,0.8,0.8,0.2,0.2,0.4,0.6,0.4,0.2,0.0,0.0,0.4,0.4,0.2,0.4,0.0,0.0,1
8806519490,7401308016,False,1778483145,1034,0,23,42,4,184,0.6,0.6,0.8,0.8,0.2,0.2,0.4,0.6,0.2,0.6,0.8,0.4,0.2,0.2,0.4,0.4,0.0,0.6,0.2,0.0,0.6,0.4,0.2,0.0,0.0,0.0,0
8806519263,7401308288,True,1778483129,1067,0,23,42,1,182,0.6,0.6,0.8,0.8,0.6,0.2,0.4,0.6,0.4,0.4,0.8,0.8,0.2,0.0,0.4,0.4,0.6,0.4,0.0,0.2,0.2,0.2,0.2,0.2,0.0,0.0,1
8806519260,7401304747,False,1778483125,673,0,23,34,4,181,0.6,0.6,0.6,0.8,0.4,0.4,0.4,0.4,0.2,0.2,0.8,0.6,0.0,0.2,0.6,0.4,0.4,0.2,0.4,0.0,0.2,0.4,0.0,0.4,0.0,0.0,0
8806519226,7401306455,False,1778483125,873,0,23,31,4,182,0.6,0.6,0.6,0.8,0.4,0.4,0.0,0.4,0.6,0.2,0.8,0.4,0.2,0.4,0.4,0.4,0.2,0.4,0.0,0.0,0.2,0.2,0.6,0.4,0.0,0.0,0
8806519223,7401307640,False,1778483120,1005,0,23,35,4,272,0.8,0.6,0.8,0.8,0.4,0.2,0.6,0.0,0.2,0.4,0.4,0.8,0.0,0.0,0.2,0.4,0.4,0.4,0.2,0.0,0.2,0.4,0.2,0.2,0.0,0.0,0
8806518989,7401306802,True,1778483105,918,0,23,22,1,185,0.6,0.8,0.8,0.6,0.2,0.2,0.4,0.8,0.6,0.4,0.6,0.4,0.6,0.2,0.4,0.2,0.6,0.8,0.0,0.2,0.4,0.0,0.0,0.0,0.0,0.0,1
8806518900,7401307930,False,1778483095,1072,0,23,24,1,182,0.4,0.6,0.8,0.6,0.6,0.4,0.2,0.2,0.4,0.6,0.6,0.8,0.4,0.2,0.6,0.2,0.4,0.4,0.2,0.2,0.2,0.2,0.2,0.2,0.0,0.0,0
8806518840,7401308378,False,1778483089,1121,0,23,62,3,171,0.4,0.6,1.0,0.8,0.4,0.6,0.4,0.4,0.8,0.6,0.8,0.4,0.2,0.2,0.6,0.4,0.2,0.6,0.0,0.0,0.4,0.2,0.4,0.2,0.0,0.0,0
8806518823,7401308327,False,1778483090,1121,0,23,43,3,151,0.4,0.6,1.0,0.4,0.2,0.2,0.4,0.6,0.4,0.2,1.0,0.6,0.0,0.2,0.8,0.2,0.2,0.6,0.0,0.0,0.4,0.2,0.4,0.2,0.0,0.0,0
8806518787,7401302900,True,1778483080,482,0,22,63,4,225,1.0,0.8,0.2,1.0,0.4,0.8,0.6,0.4,0.0,0.8,0.4,0.4,0.6,0.2,0.0,0.2,0.8,0.4,0.2,0.0,0.0,0.0,0.0,0.6,0.0,0.0,1
8806518749,7401307019,True,1778483080,980,0,23,51,3,172,0.6,0.6,0.6,1.0,0.0,0.2,0.2,0.4,0.4,0.6,1.0,0.8,0.4,0.0,0.0,0.2,0.2,0.2,0.4,0.0,0.4,0.6,0.0,0.2,0.0,0.0,1
8806518689,7401307317,False,1778483075,1015,0,23,34,3,184,0.4,0.8,1.0,1.0,0.4,0.8,0.4,0.0,0.2,0.8,1.0,0.6,0.0,0.2,0.4,0.2,0.2,0.0,0.2,0.0,0.2,0.2,0.4,0.8,0.0,0.0,0
8806518667,7401308661,True,1778483075,1176,0,23,41,3,151,0.2,0.8,1.0,0.8,0.4,0.4,0.0,0.8,0.4,0.2,1.0,0.6,0.0,0.0,1.0,0.4,0.0,0.4,0.0,0.0,0.4,0.4,0.6,0.2,0.0,0.0,1
8806518601,7401305305,False,1778483070,783,0,23,34,3,191,0.4,1.0,0.6,0.4,0.2,0.4,0.2,0.6,0.2,0.2,1.0,0.4,0.2,0.2,0.4,0.2,0.2,0.4,0.0,0.2,0.6,0.4,0.2,0.0,0.0,0.0,0
8806518553,7401307057,True,1778483060,989,0,23,15,1,185,0.6,0.6,0.6,1.0,0.0,0.2,0.6,0.4,0.0,0.2,0.8,0.8,0.2,0.0,0.8,0.6,0.2,0.4,0.4,0.0,0.4,0.6,0.0,0.0,0.0,0.0,1
8806518542,7401308183,False,1778483065,1115,0,23,11,1,185,0.8,0.8,0.8,0.6,0.0,0.2,0.4,0.4,0.0,0.2,0.8,0.6,0.2,0.4,0.4,0.2,0.2,0.6,0.2,0.0,0.6,0.2,0.0,0.2,0.0,0.0,0
8806518508,7401308475,False,1778483060,1155,0,23,45,2,151,0.6,0.8,0.8,0.8,0.4,0.6,0.6,0.6,0.4,0.6,0.8,0.4,0.2,0.4,0.4,0.0,0.4,0.4,0.0,0.0,0.4,0.0,0.2,0.6,0.0,0.0,0
8806518500,7401308464,True,1778483060,1172,0,23,41,4,227,0.6,0.8,0.6,1.0,0.2,0.8,0.4,0.4,0.6,0.6,0.6,0.4,0.4,0.0,0.2,0.2,0.4,0.2,0.2,0.0,0.2,0.2,0.2,0.6,0.0,0.0,1
8806518415,7401308067,True,1778483055,1132,0,23,44,7,183,0.6,0.6,0.8,0.8,0.4,0.2,0.4,0.8,0.4,0.4,0.6,0.6,0.0,0.0,0.4,0.4,0.6,0.6,0.0,0.0,0.0,0.4,0.4,0.0,0.0,0.0,1
8806518352,7401308060,True,1778483045,1130,0,23,13,1,183,0.6,0.4,0.8,1.0,0.0,0.6,1.0,0.2,0.4,1.0,0.4,0.8,0.2,0.2,0.4,0.2,0.6,0.4,0.2,0.2,0.2,0.0,0.0,0.4,0.0,0.0,1
8806518347,7401308232,False,1778483045,1153,0,23,51,5,172,0.4,0.2,1.0,0.8,0.2,0.8,0.4,0.4,0.6,0.2,0.8,0.8,0.4,0.0,0.4,0.6,0.2,0.2,0.2,0.0,0.4,0.2,0.2,0.6,0.0,0.0,0
8806518236,7401308240,False,1778483035,1157,0,23,52,4,183,0.4,0.6,1.0,0.6,0.6,0.2,0.4,0.2,0.8,0.2,0.8,0.8,0.2,0.4,0.4,0.6,0.2,0.0,0.0,0.2,0.2,0.6,0.6,0.2,0.0,0.0,0
8806518179,7401306514,True,1778483010,972,0,23,41,3,152,0.6,0.4,0.4,0.8,0.4,0.2,0.6,0.2,0.4,0.6,0.6,1.0,0.4,0.4,0.0,0.8,0.6,0.0,0.2,0.2,0.0,0.4,0.2,0.4,0.0,0.0,1
8806518135,7401307759,False,1778483025,1103,0,23,31,4,183,0.8,0.6,0.8,0.8,0.4,0.4,0.4,0.0,0.2,0.8,0.2,1.0,0.2,0.0,0.2,0.4,0.8,0.2,0.0,0.0,0.2,0.2,0.0,0.6,0.0,0.0,0
8806518099,7401308602,True,1778483025,1225,0,23,31,2,423,0.4,0.4,1.0,1.0,0.0,0.6,0.4,0.2,0.2,0.4,1.0,0.8,0.0,0.0,0.8,0.6,0.2,0.4,0.2,0.0,0.6,0.2,0.0,0.4,0.0,0.0,1
8806518087,7401308455,True,1778483020,1191,0,23,23,2,152,0.6,0.6,1.0,0.6,0.4,0.4,0.4,0.0,0.8,0.2,0.8,0.8,0.0,0.4,0.6,0.4,0.2,0.2,0.2,0.2,0.4,0.4,0.2,0.2,0.0,0.0,1
8806518077,7401308647,False,1778483020,1223,0,23,71,2,151,1.0,0.6,0.4,0.8,0.4,0.2,0.6,0.2,0.4,0.6,0.4,1.0,0.0,0.2,0.0,0.2,0.4,0.2,0.0,0.0,0.2,0.6,0.4,0.2,0.0,0.0,0
8806518054,7401308395,False,1778483020,1205,0,23,55,7,413,0.8,0.4,0.8,0.6,0.4,0.2,0.6,0.8,0.4,0.4,0.8,0.6,0.0,0.0,0.4,0.4,0.0,0.4,0.2,0.2,0.4,0.2,0.4,0.2,0.0,0.0,0
8806517926,7401306114,True,1778483005,934,0,23,14,1,183,0.2,1.0,0.6,0.6,0.2,0.0,0.0,0.6,0.0,0.0,0.8,0.4,0.4,0.4,0.6,0.2,0.0,0.6,0.0,0.0,1.0,0.4,0.0,0.0,0.0,0.0,1
8806517746,7401308276,True,1778482985,1217,0,23,15,2,184,0.6,0.6,0.4,0.8,0.2,0.2,0.4,0.8,0.2,0.4,0.8,0.6,0.0,0.4,0.2,0.4,0.6,0.6,0.0,0.0,0.2,0.2,0.2,0.2,0.0,0.0,1
8806517731,7401307269,False,1778482985,1022,7,22,33,4,185,0.6,0.8,1.0,0.8,0.6,0.4,0.4,0.2,0.8,0.6,0.8,0.8,0.2,0.0,0.4,0.6,0.2,0.0,0.2,0.4,0.4,0.2,0.2,0.4,0.0,0.0,0
8806517719,7401306367,True,1778482980,963,0,23,41,3,227,0.8,0.6,0.8,0.6,0.4,0.2,0.2,0.4,0.4,0.2,0.4,0.8,0.4,0.0,0.2,0.4,0.2,0.4,0.2,0.0,0.2,0.6,0.4,0.0,0.0,0.0,1
8806517619,7401307974,False,1778482980,1182,0,23,72,4,183,0.6,0.4,0.4,0.8,0.2,0.6,0.4,0.4,0.4,0.4,0.8,0.8,0.2,0.4,0.2,0.4,0.2,0.2,0.2,0.2,0.4,0.4,0.2,0.2,0.0,0.0,0
8806517574,7401302596,False,1778482980,481,0,23,55,1,152,0.6,0.8,0.8,0.8,0.2,0.2,0.6,0.8,0.6,0.2,1.0,0.6,0.0,0.0,0.4,0.4,0.4,0.4,0.4,0.2,0.2,0.2,0.0,0.2,0.0,0.0,0
8806517506,7401305109,True,1778482965,879,0,23,65,1,182,0.4,0.6,0.8,0.4,0.2,0.4,0.2,0.0,0.4,0.2,0.8,0.8,0.2,0.2,0.6,0.4,0.2,0.4,0.0,0.0,0.6,0.4,0.2,0.2,0.0,0.0,1
8806517452,7401307595,True,1778482965,1165,0,23,14,1,182,0.8,0.6,0.6,0.8,0.2,0.4,0.6,0.6,0.6,0.6,0.8,0.6,0.2,0.0,0.0,0.2,0.8,0.0,0.0,0.2,0.0,0.4,0.2,0.4,0.0,0.0,1
8806517411,7401306258,False,1778482965,1016,0,23,35,4,181,0.4,0.4,0.6,0.8,0.2,0.2,1.0,0.6,0.2,0.6,0.8,0.6,0.2,0.2,0.4,0.4,0.4,0.2,0.2,0.2,0.0,0.4,0.4,0.2,0.0,0.0,0
8806517396,7401307581,False,1778482960,1161,0,23,12,1,183,0.8,1.0,0.4,0.8,0.4,0.6,0.6,0.6,0.2,0.6,0.2,0.2,0.6,0.2,0.2,0.4,0.6,0.4,0.0,0.2,0.0,0.0,0.4,0.4,0.0,0.0,0
8806517386,7401307820,False,1778482960,1192,0,23,55,7,182,0.8,0.6,0.8,1.0,0.2,0.4,0.4,0.2,0.2,0.6,0.8,0.8,0.2,0.0,0.2,0.4,0.2,0.2,0.0,0.2,0.6,0.4,0.2,0.2,0.0,0.0,0
8806517371,7401308586,False,1778482955,1278,0,23,63,7,151,1.0,0.6,0.6,0.4,0.4,0.4,0.6,0.4,0.0,0.4,0.8,0.6,0.2,0.2,0.0,0.2,0.6,0.2,0.0,0.0,0.4,0.4,0.0,0.4,0.0,0.0,0
8806517333,7401307111,True,1778482955,1119,0,23,34,4,181,0.6,0.8,0.6,0.6,0.2,0.4,0.6,0.4,0.2,0.6,0.8,0.8,0.4,0.2,0.2,0.4,0.4,0.4,0.0,0.0,0.4,0.4,0.2,0.2,0.0,0.0,1
8806517321,7401307736,True,1778482950,1185,0,23,23,4,182,0.6,0.6,0.6,1.0,0.0,0.6,0.8,0.4,0.4,0.8,0.4,0.6,0.0,0.2,0.4,0.4,0.8,0.2,0.0,0.2,0.2,0.0,0.0,0.6,0.0,0.0,1
8806517320,7401308010,True,1778482940,1222,0,23,32,4,151,0.6,0.8,0.8,0.6,0.2,0.4,0.6,0.4,0.2,0.2,0.8,0.6,0.4,0.4,0.2,0.0,0.2,0.6,0.6,0.0,0.2,0.2,0.0,0.2,0.0,0.0,1
8806517303,7401306989,True,1778482950,1091,0,23,15,1,185,0.8,0.6,0.4,0.8,0.6,0.6,0.0,0.6,0.2,0.4,1.0,0.4,0.4,0.2,0.0,0.4,0.2,0.2,0.2,0.0,0.4,0.4,0.2,0.4,0.0,0.0,1
8806517290,7401308501,False,1778482950,1264,0,23,24,1,187,0.4,0.6,0.8,0.6,0.4,0.2,0.2,0.4,0.6,0.2,0.6,0.6,0.2,0.4,0.6,0.4,0.2,0.2,0.0,0.0,0.4,0.6,0.4,0.2,0.0,0.0,0
8806517234,7401308628,False,1778482945,1286,0,23,34,3,184,0.4,0.8,0.8,0.8,0.2,0.6,0.2,0.2,0.8,0.4,0.6,0.8,0.0,0.0,0.4,0.2,0.2,0.4,0.0,0.0,0.4,0.2,0.4,0.4,0.0,0.0,0
8806517213,7401308290,True,1778482940,1237,0,23,24,2,185,0.6,0.4,0.6,0.8,0.2,0.4,0.4,0.6,0.4,0.4,0.8,0.6,0.2,0.0,0.4,0.2,0.4,0.4,0.0,0.2,0.4,0.0,0.2,0.4,0.0,0.0,1
8806517207,7401308208,False,1778482945,1255,0,23,23,5,274,0.8,0.6,0.8,0.8,0.4,0.2,0.4,0.2,0.4,0.2,0.6,0.6,0.2,0.4,0.2,0.2,0.2,0.2,0.2,0.4,0.2,0.4,0.4,0.0,0.0,0.0,0
8806517194,7401307307,False,1778482940,1170,0,23,43,4,185,0.8,0.4,0.8,0.8,0.4,0.4,0.4,0.2,0.4,0.6,1.0,1.0,0.6,0.2,0.2,0.6,0.4,0.0,0.0,0.0,0.4,0.6,0.2,0.4,0.0,0.0,0
8806517173,7401308427,True,1778482945,1280,0,23,32,4,183,0.4,0.6,0.4,0.6,0.4,0.0,0.4,0.4,0.4,0.4,0.8,0.6,0.0,0.6,0.4,0.2,0.4,0.4,0.0,0.4,0.2,0.2,0.4,0.0,0.0,0.0,1
8806517172,7401307214,True,1778482945,1130,0,23,51,2,152,0.4,1.0,0.8,1.0,0.4,0.4,0.2,0.8,0.0,0.6,0.4,0.6,0.6,0.0,0.6,0.2,0.4,0.6,0.2,0.2,0.4,0.0,0.0,0.2,0.0,0.0,1
8806517118,7401308258,False,1778482939,1256,0,23,35,3,152,0.6,0.4,0.6,0.4,0.4,0.2,0.6,0.4,0.4,0.2,0.4,1.0,0.2,0.0,0.2,0.4,0.4,0.4,0.0,0.0,0.4,0.4,0.2,0.2,0.0,0.0,0
8806517115,7401306012,True,1778482930,1004,0,23,52,3,122,0.4,0.4,0.6,1.0,0.0,0.6,0.4,0.2,0.2,0.4,0.8,0.8,0.6,0.0,0.4,0.8,0.2,0.0,0.2,0.0,0.6,0.6,0.0,0.4,0.0,0.0,1
8806517090,7401306542,False,1778482935,1063,0,23,24,2,183,0.6,0.8,0.8,0.6,0.4,0.6,0.0,0.2,0.4,0.6,0.8,1.0,0.2,0.2,0.4,0.4,0.4,0.2,0.2,0.0,0.4,0.2,0.0,0.6,0.0,0.0,0
8806517053,7401308493,False,1778482925,1282,0,23,64,3,152,0.6,0.6,1.0,0.6,0.4,0.4,0.2,0.2,0.4,0.4,0.6,0.8,0.4,0.0,0.4,0.2,0.4,0.2,0.0,0.2,0.4,0.2,0.2,0.4,0.0,0.0,0
8806516996,7401307604,False,1778482930,1189,0,23,25,3,185,0.6,0.8,0.6,0.8,0.4,0.6,0.4,0.6,0.6,0.4,0.8,0.4,0.0,0.0,0.2,0.4,0.0,0.4,0.2,0.0,0.4,0.2,0.4,0.4,0.0,0.0,0
8806516964,7401308100,True,1778482920,1258,0,23,42,5,193,1.0,0.2,0.6,0.4,0.4,0.2,0.0,0.6,0.6,0.0,1.0,1.0,0.6,0.2,0.2,0.4,0.4,0.4,0.0,0.0,0.2,0.4,0.4,0.2,0.0,0.0,1
8806516920,7401308087,False,1778482925,1259,0,23,33,4,184,0.6,1.0,0.8,0.6,0.2,0.4,0.6,0.4,0.6,0.4,0.6,0.6,0.8,0.0,0.6,0.0,0.4,0.4,0.0,0.0,0.4,0.2,0.2,0.4,0.0,0.0,0
8806516906,7401308024,False,1778482900,1257,0,23,54,4,227,0.4,0.4,0.6,1.0,0.2,0.4,0.6,0.4,0.6,0.6,0.6,0.8,0.0,0.2,0.4,0.8,0.2,0.4,0.0,0.0,0.2,0.2,0.6,0.4,0.0,0.0,0
8806516852,7401307238,False,1778482899,1165,0,23,25,1,184,0.8,0.2,0.4,0.6,0.0,0.2,0.6,0.6,0.0,0.4,0.8,0.8,0.2,0.0,0.2,0.2,0.6,0.4,0.0,0.2,0.4,0.2,0.0,0.2,0.0,0.0,0
8806516832,7401307099,True,1778482920,1157,14,13,42,1,187,0.8,0.6,0.8,0.8,0.2,0.4,0.2,0.4,0.4,0.6,0.4,0.6,0.2,0.4,0.4,0.4,0.4,0.6,0.2,0.0,0.2,0.2,0.2,0.2,0.0,0.0,1
8806516827,7401306222,True,1778482915,1055,0,23,32,7,183,0.4,0.4,0.4,0.8,0.2,0.4,0.4,0.4,0.2,0.4,0.8,1.0,0.2,0.2,0.4,0.8,0.2,0.0,0.0,0.6,0.6,0.2,0.2,0.2,0.0,0.0,1
8806516785,7401308504,True,1778482910,1318,0,23,44,5,186,0.4,0.2,0.6,1.0,0.2,0.2,0.4,0.6,0.8,0.6,1.0,0.8,0.4,0.0,0.4,0.6,0.2,0.2,0.0,0.4,0.6,0.2,0.2,0.2,0.0,0.0,1
8806516732,7401305113,True,1778482905,945,0,23,55,3,182,0.4,0.8,0.6,0.6,0.4,0.2,0.4,0.8,0.2,0.0,0.6,1.0,0.2,0.4,0.4,0.4,0.2,0.4,0.0,0.2,0.4,0.2,0.4,0.2,0.0,0.0,1
8806516655,7401307338,False,1778482900,1194,0,23,33,5,183,0.6,0.6,1.0,0.6,0.6,0.2,0.2,0.4,0.8,0.2,0.8,1.0,0.2,0.2,0.6,0.4,0.4,0.2,0.0,0.2,0.2,0.4,0.4,0.2,0.0,0.0,0
8806516646,7401305130,False,1778482900,954,0,23,34,3,184,0.2,0.2,1.0,0.8,0.4,0.2,0.4,0.4,0.8,0.4,0.6,1.0,0.2,0.0,0.4,0.2,0.0,0.0,0.4,0.6,0.2,0.4,0.4,0.0,0.0,0.0,0
8806516643,7401304863,False,1778482895,907,7,22,13,2,152,0.8,0.4,0.8,0.6,0.6,0.4,0.4,0.4,0.8,0.4,0.8,0.8,0.4,0.4,0.2,0.8,0.2,0.0,0.2,0.0,0.0,0.4,0.6,0.6,0.0,0.0,0
8806516638,7401303755,False,1778482890,734,7,22,33,1,184,0.6,0.6,1.0,0.8,0.8,0.2,0.0,0.4,1.0,0.4,0.8,0.6,0.0,0.4,0.4,0.6,0.0,0.2,0.0,0.2,0.0,0.4,1.0,0.2,0.0,0.0,0
8806516615,7401308486,False,1778482895,1338,0,23,44,4,172,0.4,0.2,0.8,0.6,0.2,0.4,0.2,0.4,0.6,0.2,0.6,0.8,0.4,0.0,0.4,0.6,0.2,0.4,0.2,0.2,0.4,0.2,0.2,0.2,0.0,0.0,0
8806516555,7401308507,True,1778482890,1348,0,23,53,2,413,0.6,0.8,0.6,0.6,0.2,0.4,0.8,0.4,0.4,0.4,0.8,0.4,0.2,0.4,0.6,0.4,0.4,0.4,0.4,0.0,0.0,0.2,0.2,0.4,0.0,0.0,1
8806516537,7401304961,True,1778482880,865,0,22,15,2,274,1.0,0.4,0.6,0.4,0.2,0.0,0.6,0.4,0.0,0.0,0.6,1.0,0.4,0.4,0.4,0.2,0.6,0.4,0.2,0.2,0.2,0.4,0.0,0.0,0.0,0.0,1
8806516527,7401305266,False,1778482885,974,0,23,25,1,381,0.6,0.6,1.0,0.8,0.8,0.8,0.2,0.0,0.6,0.4,0.6,0.8,0.2,0.2,0.4,0.2,0.2,0.2,0.0,0.0,0.2,0.4,0.6,0.4,0.0,0.0,0
8806516496,7401306018,True,1778482885,1058,0,23,23,1,181,0.8,0.8,1.0,0.8,0.6,0.4,0.4,0.4,0.2,0.4,1.0,0.8,0.4,0.4,0.2,0.2,0.2,0.6,0.0,0.0,0.6,0.2,0.2,0.2,0.0,0.0,1
8806516492,7401307699,True,1778482885,1265,0,23,43,6,185,0.8,0.2,0.6,1.0,0.2,0.4,0.4,0.2,0.4,0.6,1.0,1.0,0.2,0.0,0.4,0.8,0.2,0.2,0.2,0.0,0.6,0.4,0.0,0.4,0.0,0.0,1
8806516433,7401306251,True,1778482869,1098,0,23,31,1,227,0.8,0.6,1.0,1.0,0.8,0.8,0.2,0.2,0.6,0.8,0.4,0.6,0.4,0.2,0.0,0.4,0.2,0.4,0.2,0.0,0.0,0.0,0.6,0.6,0.0,0.0,1
8806516422,7401307941,True,1778482875,1256,0,23,31,2,151,0.6,0.6,0.8,0.6,0.4,0.6,0.4,0.6,0.4,0.4,0.6,0.6,0.2,0.2,0.4,0.4,0.2,0.2,0.2,0.4,0.2,0.0,0.4,0.4,0.0,0.0,1
